{
    "Version": "2012-10-17",
    "Statement": [
        {
            "Sid": "VisualEditor0",
            "Effect": "Allow",
            "Action": [
                "s3:PutAnalyticsConfiguration",
                "s3:GetObjectVersionTagging",
                "s3:CreateBucket",
                "s3:ReplicateObject",
                "s3:GetObjectAcl",
                "s3:DeleteBucketWebsite",
                "s3:PutLifecycleConfiguration",
                "s3:GetObjectVersionAcl",
                "s3:PutObjectTagging",
                "s3:DeleteObject",
                "s3:GetIpConfiguration",
                "s3:DeleteObjectTagging",
                "s3:GetBucketWebsite",
                "s3:PutReplicationConfiguration",
                "s3:DeleteObjectVersionTagging",
                "s3:GetBucketNotification",
                "s3:PutBucketCORS",
                "s3:GetReplicationConfiguration",
                "s3:ListMultipartUploadParts",
                "s3:PutObject",
                "s3:GetObject",
                "s3:PutBucketNotification",
                "s3:PutBucketLogging",
                "s3:GetAnalyticsConfiguration",
                "s3:GetObjectVersionForReplication",
                "s3:GetLifecycleConfiguration",
                "s3:ListBucketByTags",
                "s3:GetInventoryConfiguration",
                "s3:GetBucketTagging",
                "s3:PutAccelerateConfiguration",
                "s3:DeleteObjectVersion",
                "s3:GetBucketLogging",
                "s3:ListBucketVersions",
                "s3:ReplicateTags",
                "s3:RestoreObject",
                "s3:ListBucket",
                "s3:GetAccelerateConfiguration",
                "s3:GetBucketPolicy",
                "s3:GetObjectVersionTorrent",
                "s3:AbortMultipartUpload",
                "s3:PutBucketTagging",
                "s3:GetBucketRequestPayment",
                "s3:GetObjectTagging",
                "s3:GetMetricsConfiguration",
                "s3:PutBucketVersioning",
                "s3:ListBucketMultipartUploads",
                "s3:PutMetricsConfiguration",
                "s3:PutObjectVersionTagging",
                "s3:GetBucketVersioning",
                "s3:GetBucketAcl",
                "s3:PutInventoryConfiguration",
                "s3:PutIpConfiguration",
                "s3:GetObjectTorrent",
                "s3:PutBucketWebsite",
                "s3:PutBucketRequestPayment",
                "s3:GetBucketCORS",
                "s3:GetBucketLocation",
                "s3:ReplicateDelete",
                "s3:GetObjectVersion"
            ],
            "Resource": [
                "arn:aws:s3:::mulesoft-logs/*",
                "arn:aws:s3:::mulesoft-logs"
            ]
        },
        {
            "Sid": "VisualEditor1",
            "Effect": "Allow",
            "Action": [
                "s3:ListAllMyBuckets",
                "s3:HeadBucket",
                "s3:ListObjects"
            ],
            "Resource": "*"
        }
    ]
}