{
    "Version": "2012-10-17",
    "Statement": [
        {
            "Sid": "VisualEditor0",
            "Effect": "Allow",
            "Action": [
                "iam:GetAccountPasswordPolicy",
                "resource-groups:SearchResources",
                "kinesis:SubscribeToShard",
                "cloudwatch:PutMetricData",
                "kinesis:ListShards",
                "iam:ListServerCertificates",
                "iam:GenerateServiceLastAccessedDetails",
                "logs:*",
                "resource-groups:Untag",
                "iam:ListVirtualMFADevices",
                "kinesis:ListStreams",
                "kinesis:RemoveTagsFromStream",
                "iam:SimulateCustomPolicy",
                "resource-groups:GetGroup",
                "kinesis:DescribeStreamSummary",
                "cloudwatch:DescribeAlarmsForMetric",
                "cloudwatch:ListDashboards",
                "kinesisanalytics:ListApplications",
                "iam:GetAccountAuthorizationDetails",
                "iam:GetCredentialReport",
                "resource-groups:Tag",
                "iam:ListPolicies",
                "iam:ListSAMLProviders",
                "cloudwatch:GetMetricStatistics",
                "s3:PutObject",
                "resource-groups:CreateGroup",
                "cloudwatch:*",
                "kinesis:GetRecords",
                "resource-groups:ListGroupResources",
                "kinesis:ListStreamConsumers",
                "iam:GetAccountSummary",
                "resource-groups:GetGroupQuery",
                "iam:GenerateCredentialReport",
                "cloudwatch:GetMetricData",
                "iam:GetServiceLastAccessedDetailsWithEntities",
                "kinesis:DescribeStreamConsumer",
                "cloudtrail:*",
                "iam:ListPoliciesGrantingServiceAccess",
                "resource-groups:GetTags",
                "iam:GetServiceLastAccessedDetails",
                "cloudwatch:ListMetrics",
                "iam:GetOrganizationsAccessReport",
                "kinesisanalytics:DiscoverInputSchema",
                "kinesis:DescribeLimits",
                "cloudwatch:GetMetricWidgetImage",
                "kinesis:GetShardIterator",
                "guardduty:*",
                "iam:ListRoles",
                "kinesis:DescribeStream",
                "resource-groups:ListGroups",
                "kinesis:ListTagsForStream",
                "iam:GetContextKeysForCustomPolicy",
                "kinesis:AddTagsToStream",
                "iam:ListOpenIDConnectProviders",
                "iam:ListAccountAliases",
                "iam:ListUsers",
                "iam:ListGroups",
                "events:*"
            ],
            "Resource": "*"
        },
        {
            "Sid": "VisualEditor1",
            "Effect": "Allow",
            "Action": [
                "iam:GetPolicyVersion",
                "iam:ListRoleTags",
                "iam:ListServiceSpecificCredentials",
                "iam:ListMFADevices",
                "kinesisanalytics:DescribeApplication",
                "iam:ListSigningCertificates",
                "iam:GetGroup",
                "iam:GetContextKeysForPrincipalPolicy",
                "iam:ListInstanceProfilesForRole",
                "iam:GetServiceLinkedRoleDeletionStatus",
                "iam:ListSSHPublicKeys",
                "iam:SimulatePrincipalPolicy",
                "iam:GenerateOrganizationsAccessReport",
                "iam:ListAttachedRolePolicies",
                "iam:ListAttachedUserPolicies",
                "iam:ListAttachedGroupPolicies",
                "iam:ListRolePolicies",
                "iam:GetSAMLProvider",
                "iam:ListAccessKeys",
                "kinesisanalytics:ListTagsForResource",
                "iam:GetServerCertificate",
                "iam:GetRole",
                "iam:GetInstanceProfile",
                "iam:GetPolicy",
                "iam:ListGroupPolicies",
                "iam:GetAccessKeyLastUsed",
                "iam:GetSSHPublicKey",
                "iam:ListEntitiesForPolicy",
                "iam:ListUserPolicies",
                "iam:ListInstanceProfiles",
                "kinesisanalytics:UntagResource",
                "iam:ListPolicyVersions",
                "iam:GetUserPolicy",
                "iam:ListGroupsForUser",
                "kinesisanalytics:TagResource",
                "iam:GetGroupPolicy",
                "iam:GetUser",
                "iam:GetOpenIDConnectProvider",
                "iam:GetRolePolicy",
                "iam:GetLoginProfile",
                "iam:ListUserTags"
            ],
            "Resource": [
                "arn:aws:kinesisanalytics:*:*:application/*",
                "arn:aws:iam::*:saml-provider/*",
                "arn:aws:iam::*:policy/*",
                "arn:aws:iam::*:oidc-provider/*",
                "arn:aws:iam::*:instance-profile/*",
                "arn:aws:iam::*:user/*",
                "arn:aws:iam::*:role/*",
                "arn:aws:iam::*:server-certificate/*",
                "arn:aws:iam::*:access-report/*",
                "arn:aws:iam::*:group/*"
            ]
        },
        {
            "Sid": "VisualEditor2",
            "Effect": "Allow",
            "Action": [
                "kinesisanalytics:ListTagsForResource",
                "kinesisanalytics:TagResource",
                "kinesisanalytics:DescribeApplication",
                "kinesisanalytics:UntagResource"
            ],
            "Resource": "arn:aws:kinesisanalytics:*:*:application/*"
        },
        {
            "Sid": "VisualEditor3",
            "Effect": "Allow",
            "Action": "cloudwatch:*",
            "Resource": [
                "arn:aws:cloudwatch::*:dashboard/*",
                "arn:aws:cloudwatch:*:*:alarm:*"
            ]
        }
    ]
}